Average_Lifespan (Years),Weight (kg),Height (cm),Speed (km/h),Endangered_Level (1-5),Cluster
59,865.12,232.66,25.03,3,1
67,452.46,359.8,27.97,5,1
54,17.65,393.57,77.03,3,0
32,2990.88,348.27,52.95,4,1
71,1398.41,238.9,52.19,2,2
79,417.37,114.6,19.72,5,1
33,2829.19,306.21,64.47,2,2
79,300.43,154.0,71.36,3,0
40,2555.19,368.77,9.79,3,1
37,336.63,151.99,43.87,4,1
11,4274.29,280.06,40.48,3,1
75,280.21,60.18,85.32,4,0
45,3402.38,178.4,30.66,3,1
24,385.63,151.22,51.04,5,0
52,2583.33,24.25,85.73,4,0
37,409.03,31.69,15.03,2,1
60,4512.69,394.91,78.65,4,0
7,1581.24,291.55,82.52,3,0
76,1739.92,341.49,38.62,5,0
40,417.45,204.99,71.08,3,0
10,3855.88,171.58,25.61,1,2
52,399.34,264.8,19.37,5,1
59,3834.11,219.45,11.26,3,1
34,1792.83,121.37,43.37,1,2
30,3791.64,206.78,18.73,2,1
38,1786.91,396.66,67.5,2,2
50,759.11,46.16,18.94,4,1
67,3112.38,263.27,97.05,1,2
17,889.46,271.94,33.36,5,1
66,4939.14,46.36,23.79,5,1
56,1724.03,358.28,96.73,1,2
72,3974.51,123.54,42.6,3,1
16,2905.2,235.96,17.57,5,1
67,3402.0,144.45,47.69,3,2
38,858.87,98.35,59.89,5,0
79,3865.57,31.92,20.47,5,1
32,976.93,203.25,9.38,4,1
15,158.41,203.81,60.14,1,2
21,4144.08,326.99,22.24,1,2
59,2408.24,179.72,85.02,3,0
19,3248.81,293.35,53.39,5,1
42,573.38,156.8,97.09,4,0
51,1647.58,94.58,11.96,1,2
59,1648.23,192.53,77.92,3,0
77,732.07,37.86,7.08,3,1
66,3550.44,211.39,18.51,5,1
14,106.3,110.68,73.96,3,0
60,3925.77,339.35,66.78,4,0
51,4921.1,343.95,27.54,1,2
51,3096.85,256.95,57.65,2,2
33,231.23,123.64,47.89,1,2
40,3375.34,137.24,71.48,1,2
8,390.93,286.43,44.7,3,1
30,1944.05,162.3,21.3,2,1
71,4568.49,97.52,17.42,5,1
26,33.21,213.77,34.05,2,2
31,2824.84,39.03,97.67,1,2
19,3036.27,354.51,34.8,5,1
7,554.41,333.35,31.91,2,2
10,707.45,81.12,21.4,3,1
22,546.22,334.86,19.97,2,1
75,3365.14,295.99,41.57,3,1
34,4191.73,85.65,32.79,1,2
7,4248.01,328.83,12.02,2,1
74,4072.55,293.54,22.92,3,1
7,27.14,303.47,92.9,5,0
46,625.35,325.75,41.0,1,2
28,3931.26,134.3,88.34,2,2
79,1071.13,116.08,54.35,4,0
55,3111.61,233.76,26.97,4,1
29,1348.67,105.97,52.81,2,2
52,107.38,241.88,90.3,1,2
24,1695.88,226.04,82.19,3,0
68,2368.67,77.54,90.49,5,0
45,341.5,287.84,53.92,5,0
72,623.67,99.06,16.1,4,1
34,2249.74,41.6,70.08,2,2
8,2827.88,63.83,43.06,1,2
71,3733.3,310.4,76.62,4,0
63,3601.46,189.89,93.09,1,2
40,4949.02,159.43,8.54,2,1
69,1485.72,370.08,84.69,5,0
10,499.71,360.22,46.55,4,1
65,1331.34,57.22,17.36,5,1
50,367.15,65.03,32.69,2,2
32,2915.76,67.73,36.9,2,2
9,4858.86,349.28,24.71,4,1
50,3246.41,206.42,18.34,5,1
57,287.09,113.03,60.27,4,0
72,3780.37,56.54,28.53,2,2
28,4066.13,126.96,17.69,1,2
6,1138.86,256.92,78.04,2,2
66,1143.73,293.77,42.82,4,0
55,4011.43,100.44,48.28,4,1
44,3245.01,247.03,75.04,3,0
25,3729.91,27.66,31.05,5,1
31,1819.88,205.53,65.46,1,2
31,1831.37,321.51,17.38,2,1
45,2309.5,308.94,17.58,4,1
41,4058.95,134.59,67.42,5,0
59,1576.5,386.34,88.62,1,2
56,4334.07,102.55,21.76,3,1
36,368.16,256.22,13.27,5,1
51,175.74,219.11,82.92,4,0
54,2692.93,383.98,44.91,3,1
32,1142.92,398.08,6.06,1,2
30,4491.44,223.54,66.41,1,2
30,4033.49,23.13,6.29,3,1
36,496.34,376.08,24.85,3,1
73,1423.53,187.1,51.14,5,0
52,3429.11,323.8,99.65,1,2
37,4808.62,130.22,82.83,5,0
78,4608.2,181.87,33.74,2,2
77,1373.1,370.88,29.65,5,1
68,2660.95,208.52,78.71,4,0
21,3392.99,335.82,39.7,1,2
48,255.51,67.98,68.45,4,0
34,48.12,306.34,16.24,2,1
78,4123.53,30.52,47.9,5,0
42,936.44,175.94,98.33,4,0
7,2367.55,165.79,83.82,5,0
57,3932.83,148.23,66.17,3,2
27,4294.15,362.57,32.6,5,1
67,2850.5,34.59,73.98,5,0
15,3337.5,309.39,17.68,4,1
7,1049.42,149.52,35.49,4,1
46,638.61,103.54,51.86,2,2
33,1388.54,337.18,54.43,4,0
61,2112.89,74.26,64.82,2,2
45,2848.39,318.8,19.12,4,1
61,3672.11,34.34,69.43,1,2
26,441.27,142.77,15.47,5,1
14,3687.17,376.49,28.61,2,2
49,3116.03,365.9,54.22,4,0
38,1673.92,251.8,64.15,4,0
40,4526.51,362.05,66.13,4,0
14,2188.41,303.35,85.49,3,0
73,495.63,371.26,64.95,2,0
36,2971.02,164.79,76.31,1,2
51,4699.52,198.1,80.9,3,0
10,4792.89,27.64,91.53,3,2
15,4707.0,265.75,71.72,1,2
60,1226.29,358.68,39.8,1,2
53,4621.44,271.7,91.81,2,2
45,1251.03,397.54,59.15,1,2
74,3177.92,309.87,99.4,4,0
38,4667.41,390.5,34.19,1,2
50,3742.45,366.43,79.1,1,2
57,1284.17,269.14,48.31,3,0
22,1531.86,68.79,85.44,2,2
43,3057.46,251.97,74.25,1,2
68,1412.92,321.84,8.54,5,1
5,880.74,36.25,69.57,4,0
13,515.17,308.85,64.2,5,0
29,4893.1,61.16,67.25,4,0
45,950.15,337.42,32.94,3,1
27,1096.77,379.36,60.87,2,2
64,4487.34,399.01,72.89,1,2
78,1751.8,53.67,92.77,1,2
54,4854.46,179.53,67.19,3,2
25,2555.45,167.06,23.66,1,2
79,2149.7,40.19,73.17,4,0
78,1906.8,330.81,8.48,1,2
44,2628.38,359.23,97.7,2,2
32,953.55,170.07,83.07,5,0
25,3784.01,358.91,92.56,5,0
55,2566.79,329.73,76.02,2,2
36,3742.67,140.99,36.4,5,1
68,2204.61,99.93,39.71,3,1
70,511.69,93.03,69.95,4,0
55,2999.2,71.95,9.37,3,1
44,4470.98,263.33,51.01,2,2
40,3323.8,373.48,79.4,5,0
52,4302.11,189.75,9.56,2,1
7,1090.29,329.32,36.44,4,1
12,2383.97,173.9,17.68,1,2
44,4963.12,30.0,72.39,3,2
54,4004.84,299.4,29.96,5,1
26,718.69,337.05,29.17,1,2
76,1416.45,101.93,25.7,5,1
44,2368.02,179.03,16.44,3,1
73,4110.78,327.15,55.79,2,2
76,2437.2,245.07,66.85,4,0
28,2348.27,37.81,92.47,3,0
67,2874.06,209.09,22.31,5,1
79,1232.73,166.09,78.54,5,0
8,3219.43,380.72,28.44,5,1
60,891.58,185.4,75.97,4,0
26,2219.55,20.84,6.11,1,2
21,2892.47,120.92,57.97,3,2
73,4040.23,244.0,90.11,3,0
24,4950.41,43.91,46.97,2,2
74,4910.43,163.65,7.73,1,2
45,1534.03,212.63,40.69,1,2
78,4583.0,32.22,96.07,4,0
11,4549.98,258.64,85.24,2,2
40,1367.62,107.94,43.08,3,1
23,4196.31,203.5,55.12,5,1
72,50.38,233.67,74.62,5,0
45,223.46,201.46,56.43,5,0
26,4993.12,38.0,11.04,1,2
52,1867.41,152.65,46.98,2,2
25,3329.34,87.7,11.71,1,2
34,2136.19,168.92,81.8,5,0
50,3776.81,212.51,65.52,3,2
68,160.67,353.88,85.99,5,0
39,1928.32,146.3,16.96,2,1
18,345.47,146.02,15.53,3,1
69,4512.47,308.84,94.65,4,0
77,1598.39,168.33,23.04,3,1
53,3486.14,357.83,10.59,5,1
28,4791.85,362.83,7.43,2,1
61,3383.14,237.51,53.06,5,0
27,1923.98,373.79,24.28,5,1
61,1425.71,250.06,31.81,4,1
50,2158.04,330.94,59.36,5,0
41,526.61,302.72,77.51,4,0
29,2530.31,58.85,64.18,2,2
68,3979.16,170.03,11.04,5,1
78,1722.7,297.82,68.18,4,0
73,4891.83,293.95,98.48,1,2
63,3722.65,115.94,11.74,4,1
75,3634.41,328.72,61.16,5,0
54,1599.02,87.64,86.1,1,2
44,3987.39,210.38,58.38,3,2
5,4807.68,194.15,8.31,4,1
57,4893.57,359.06,38.03,1,2
67,3626.25,44.24,62.05,4,0
67,2895.78,301.84,18.17,5,1
65,2734.3,80.38,43.88,2,2
16,860.37,250.84,50.72,2,2
50,4361.68,327.95,76.98,1,2
56,3632.8,352.14,56.96,2,2
24,2581.42,179.93,18.72,3,1
51,2807.38,56.87,97.1,1,2
18,4260.03,179.29,32.68,4,1
25,4194.91,44.71,76.77,2,2
11,702.5,369.88,34.08,4,1
10,907.08,309.44,67.22,3,0
73,1831.06,244.23,50.48,4,0
21,1756.28,168.02,7.63,5,1
36,2651.48,230.81,10.47,5,1
38,4938.07,391.43,6.8,3,1
18,779.8,291.5,45.64,3,1
78,3261.69,304.93,78.76,3,0
30,3590.84,131.47,87.55,1,2
75,985.56,242.07,80.94,4,0
35,4891.23,79.29,28.47,3,1
52,4740.3,53.96,55.55,1,2
42,881.97,343.83,83.87,1,2
54,3207.01,312.17,45.73,4,1
51,2621.04,221.56,9.33,1,2
35,2186.42,333.14,39.3,4,1
39,1676.88,125.12,93.91,3,0
12,1307.69,238.04,69.37,1,2
6,4653.06,324.35,24.31,3,1
63,1433.13,44.32,31.71,4,1
69,460.45,107.66,50.52,3,0
46,1970.44,64.16,14.55,4,1
52,1061.99,279.44,83.31,5,0
72,4323.61,35.93,73.12,2,2
78,1063.95,202.86,96.62,1,2
68,3162.43,209.08,10.39,3,1
31,3683.72,71.3,12.53,3,1
73,364.72,66.11,27.7,3,1
70,1398.86,90.55,40.93,1,2
68,2002.56,374.27,5.84,3,1
38,2934.98,155.78,43.8,3,1
16,4991.14,158.07,73.92,1,2
24,4569.52,58.28,64.13,5,0
79,4223.81,256.46,68.54,5,0
17,4756.35,377.19,98.59,3,0
6,1377.52,345.24,16.09,4,1
73,435.67,111.54,28.23,4,1
79,3987.6,67.71,8.97,2,1
22,3949.55,65.07,97.58,1,2
74,3716.74,339.36,82.53,3,0
38,3429.74,271.48,40.27,5,1
75,1193.04,79.71,42.56,2,2
76,158.06,96.43,29.54,2,2
31,2850.31,309.25,36.57,4,1
55,4169.39,28.47,16.61,4,1
10,1768.24,58.27,29.12,4,1
13,3668.53,182.57,30.49,3,1
61,1208.41,278.58,97.11,4,0
35,3306.22,238.97,95.78,1,2
57,3986.4,245.87,11.9,4,1
72,3748.04,243.82,49.81,5,0
46,3852.16,226.51,34.72,2,2
16,3520.61,90.85,69.78,4,0
44,3298.09,64.3,74.9,1,2
45,2499.27,328.93,87.55,1,2
42,3510.46,221.53,62.6,2,2
25,1921.09,276.97,10.31,3,1
13,460.48,118.25,25.07,5,1
8,3195.24,53.43,67.75,3,2
53,1854.38,204.41,15.3,4,1
22,2460.85,205.87,14.54,1,2
79,165.63,276.99,94.0,3,0
18,884.91,181.44,45.84,2,2
35,3857.96,364.43,14.64,3,1
40,4868.93,109.52,24.06,3,1
37,4273.82,345.41,92.86,1,2
58,1471.11,180.88,42.04,5,0
24,1088.03,240.69,24.52,1,2
25,3543.13,36.53,91.62,1,2
14,3127.41,235.39,45.02,5,1
16,4881.89,209.75,47.78,1,2
55,677.63,304.45,22.83,3,1
55,1673.27,22.0,14.78,5,1
40,2138.31,109.7,97.75,5,0
52,4995.47,193.54,46.58,1,2
44,3450.26,267.24,86.94,5,0
5,610.16,161.8,93.44,5,0
78,2354.23,300.75,70.78,5,0
57,3639.7,196.92,8.6,4,1
63,3197.28,365.38,73.13,1,2
27,620.27,217.91,76.35,1,2
17,3045.44,304.13,99.83,5,0
40,2186.41,228.14,39.79,2,2
48,3721.03,157.24,42.23,3,1
18,3059.71,203.53,48.92,4,1
59,56.6,365.82,85.54,5,0
65,272.27,125.07,92.14,4,0
29,663.53,311.65,9.59,3,1
12,2061.3,383.94,81.03,5,0
74,3667.48,91.84,53.99,5,0
47,2390.99,188.1,53.12,3,2
61,278.43,206.35,78.66,5,0
58,4303.94,173.17,54.37,1,2
51,331.56,349.25,92.1,2,0
52,3325.81,303.5,38.45,4,1
78,3002.88,44.01,19.69,3,1
55,2541.39,316.19,52.6,3,0
24,1195.41,291.08,45.36,3,1
28,4932.72,175.86,69.51,4,0
79,743.59,112.13,73.59,2,0
65,2043.21,316.76,62.05,2,2
15,847.02,326.57,41.12,3,1
46,1023.85,313.05,7.85,5,1
33,739.31,98.06,17.81,4,1
60,1032.96,397.89,65.07,5,0
9,1752.82,40.84,32.24,3,1
16,3180.31,36.01,31.17,3,1
45,354.11,63.06,81.72,3,0
30,354.68,369.69,87.67,1,2
46,1103.46,367.84,47.43,5,0
44,1475.24,79.86,34.99,4,1
45,2040.9,325.34,45.94,1,2
72,2337.91,115.46,96.75,1,2
52,2283.81,225.52,30.43,1,2
15,3931.11,158.08,90.9,5,0
36,4055.52,340.14,9.24,1,2
18,1508.29,353.8,29.43,1,2
76,2878.57,145.26,46.84,4,0
47,4639.18,338.33,6.4,2,1
24,3434.2,373.18,73.61,3,2
69,724.86,298.06,75.46,5,0
21,4843.82,152.47,40.48,5,1
59,2780.1,161.97,56.65,5,0
43,301.19,95.63,86.78,5,0
74,2691.48,287.69,34.26,3,1
29,4856.0,35.8,20.7,2,2
77,2840.4,117.36,86.94,2,2
74,1057.79,230.35,18.41,2,1
55,2815.69,71.65,96.02,3,0
41,93.74,311.39,94.67,2,0
66,4400.16,254.35,79.32,4,0
37,4581.47,200.7,14.13,4,1
25,723.32,349.17,7.54,1,2
51,4754.25,66.97,94.12,1,2
15,4568.58,74.79,43.88,3,2
21,1665.84,120.75,19.64,2,1
70,4972.88,89.04,45.11,4,1
16,396.46,70.57,21.98,5,1
47,2778.89,160.2,54.08,2,2
65,4084.89,24.39,37.61,4,1
38,4299.37,245.01,87.22,1,2
36,4423.75,145.72,7.03,4,1
75,3790.17,176.96,74.97,2,2
73,134.94,371.63,59.84,4,0
50,2171.22,321.94,13.02,4,1
20,2628.5,357.31,19.22,5,1
57,4415.87,310.11,84.95,4,0
39,234.12,371.94,22.97,5,1
32,962.2,235.21,59.7,1,2
9,1225.43,153.32,93.17,4,0
25,374.7,93.64,72.76,3,0
43,4382.73,355.77,42.88,2,2
57,2249.92,108.6,88.65,3,0
10,2832.53,70.5,28.85,1,2
48,1887.14,265.53,83.97,1,2
45,2528.58,60.91,54.94,5,0
47,3063.19,338.17,86.56,4,0
29,2052.96,236.85,72.2,2,2
22,2721.66,173.56,14.34,4,1
67,289.52,136.66,5.5,2,1
19,1581.31,56.78,49.44,4,1
9,2954.13,350.31,60.36,1,2
55,3474.04,272.56,11.67,4,1
65,1586.16,115.53,47.38,2,2
54,3924.85,145.59,96.69,2,2
7,2635.33,65.6,73.91,2,2
70,4268.58,273.0,30.61,1,2
18,3035.45,302.35,57.94,4,1
10,4232.67,289.83,43.86,1,2
29,1463.46,238.37,48.16,2,2
58,1413.44,219.61,44.67,5,0
15,3076.16,308.57,23.56,2,1
26,827.46,83.7,69.13,5,0
27,468.03,317.64,25.44,3,1
57,1950.32,214.43,61.83,4,0
67,4746.97,290.93,78.32,1,2
65,3344.97,288.1,51.92,3,0
10,3489.43,397.71,33.78,5,1
44,557.48,266.23,60.41,1,2
6,2829.85,350.45,39.46,1,2
77,703.55,32.85,92.97,5,0
9,2985.14,259.58,57.18,2,2
33,1887.4,282.01,95.08,3,0
75,737.38,305.15,90.95,3,0
20,3018.92,91.78,52.74,4,1
13,2245.6,203.31,84.97,4,0
62,4177.28,362.05,90.78,4,0
6,1267.69,186.79,41.34,2,2
54,3427.36,382.28,65.41,1,2
37,680.69,243.94,37.41,2,2
55,3432.85,208.62,65.02,1,2
35,4252.11,186.34,50.66,2,2
32,3050.14,277.63,34.78,2,2
56,698.2,274.9,5.97,2,1
73,1342.23,144.36,45.07,5,0
39,1465.87,182.74,78.49,4,0
31,2282.4,84.63,5.62,5,1
53,4655.64,273.32,39.87,3,1
40,2297.02,51.1,44.35,5,1
48,3445.45,344.51,86.58,4,0
45,4831.43,227.48,48.39,1,2
71,1433.64,171.81,54.41,2,2
43,2705.23,41.72,14.81,3,1
38,1684.27,110.89,95.06,2,2
71,4231.01,70.08,85.84,1,2
74,865.17,306.5,71.07,1,2
56,586.38,253.82,28.47,4,1
26,229.95,378.25,44.14,2,2
17,3066.8,337.01,19.5,4,1
75,891.28,219.58,67.08,3,0
76,3370.22,338.56,12.07,2,1
51,18.87,193.84,91.23,3,0
50,3586.34,216.01,63.83,4,0
78,2159.18,254.09,74.58,5,0
26,2706.22,99.31,36.98,3,1
52,866.93,167.15,91.53,5,0
38,2660.77,237.77,79.43,5,0
41,1759.81,99.46,19.57,1,2
60,1709.34,255.28,22.6,2,1
9,2681.54,68.99,32.55,3,1
75,3540.71,346.98,38.13,3,1
7,319.99,180.75,69.58,1,2
63,1738.07,243.8,21.81,5,1
33,4206.96,204.1,70.51,2,2
54,939.03,348.39,8.05,2,1
25,4415.02,270.0,45.75,5,1
10,378.41,296.11,91.03,4,0
63,429.22,274.25,89.35,5,0
32,3938.22,290.17,60.62,5,0
21,979.96,378.52,16.45,5,1
76,4547.65,167.05,40.59,1,2
66,4098.68,356.65,44.86,2,2
37,1989.44,23.64,28.16,1,2
56,3624.93,67.38,86.54,3,0
40,2434.74,41.36,20.08,1,2
56,4989.68,174.12,20.87,4,1
17,1081.23,209.69,72.78,4,0
7,1816.78,307.42,52.61,2,2
32,1673.59,156.73,88.32,1,2
34,1973.78,57.88,25.5,3,1
48,1499.81,241.23,80.01,1,2
33,1662.96,384.33,60.23,3,0
27,4394.12,121.22,10.32,1,2
18,3925.24,69.81,95.04,5,0
6,3865.34,103.15,87.28,4,0
57,3613.77,281.41,80.12,4,0
54,700.68,354.31,47.76,2,2
46,2497.12,164.81,84.07,5,0
24,2653.75,166.81,81.44,2,2
49,30.14,279.91,84.04,4,0
45,4858.58,387.98,25.97,2,2
32,2870.87,150.92,17.92,2,1
74,1447.51,173.43,31.36,5,1
70,531.01,110.94,27.78,5,1
59,4242.91,356.8,81.45,2,2
62,4055.98,239.75,99.63,4,0
74,2832.04,168.62,43.45,2,2
57,4745.4,314.79,95.04,4,0
47,4438.34,273.81,49.52,4,1
18,101.78,227.67,81.58,1,2
58,819.63,341.25,76.44,1,2
7,939.66,130.9,76.69,1,2
28,4947.56,190.77,8.75,1,2
12,704.93,33.79,82.68,1,2
61,1027.38,106.98,38.4,3,1
19,4577.46,331.63,40.99,4,1
63,4447.07,45.63,10.96,1,2
48,4488.04,54.31,77.54,4,0
11,4584.15,246.78,14.72,5,1
67,3370.47,149.09,67.63,1,2
8,3337.63,122.15,39.99,4,1
31,4647.34,67.64,11.72,4,1
9,772.26,251.57,73.21,4,0
76,244.17,63.01,72.85,1,2
34,2585.07,281.89,75.61,2,2
76,970.03,105.72,40.63,1,2
42,3643.06,358.77,74.8,5,0
74,975.24,228.2,12.92,1,2
35,4965.92,323.15,84.21,3,2
55,753.33,186.95,5.51,5,1
36,2361.64,305.95,17.67,4,1
26,808.63,366.56,45.99,5,1
58,996.65,209.24,63.02,4,0
22,3208.32,214.73,30.54,5,1
47,2489.82,374.27,18.61,3,1
31,179.57,209.3,60.31,3,0
64,2316.97,113.41,55.8,2,2
27,53.54,387.93,40.6,4,1
73,4628.41,243.13,18.51,2,1
11,3543.03,53.42,44.16,4,1
45,3333.11,383.83,90.4,2,2
37,1014.42,355.99,15.18,3,1
18,2032.02,377.08,14.82,5,1
11,390.11,166.3,14.14,5,1
49,1339.79,139.49,95.3,3,0
57,884.12,338.38,27.84,1,2
74,3668.59,81.9,13.98,4,1
72,4351.47,182.01,9.49,5,1
22,4321.58,241.79,58.49,2,2
31,2356.08,184.02,38.9,5,1
74,3668.48,136.43,27.93,4,1
34,4738.23,307.86,12.47,4,1
70,2109.63,158.85,49.26,2,2
78,192.78,349.44,38.81,2,2
32,1601.15,45.64,71.58,4,0
72,2651.98,363.39,39.97,1,2
47,4338.69,39.41,33.5,1,2
52,2407.66,24.2,26.15,1,2
57,900.83,91.2,26.38,3,1
11,3106.23,114.48,65.54,5,0
35,3762.17,116.56,60.98,3,2
56,3792.74,174.35,96.8,3,0
49,1427.54,297.37,48.94,3,0
58,3035.94,92.03,19.75,5,1
58,3881.82,116.66,20.97,5,1
74,2298.79,252.66,8.39,2,1
38,2448.26,236.89,22.19,4,1
53,4494.65,329.1,58.47,1,2
62,4096.17,179.21,24.63,5,1
11,245.04,240.48,91.94,2,2
38,3596.05,48.74,85.61,3,0
65,2964.8,307.66,8.25,4,1
66,4391.76,97.48,83.21,1,2
9,2059.05,197.24,22.3,5,1
44,1861.39,238.05,17.12,1,2
31,755.84,199.24,50.84,2,2
49,2055.41,210.62,29.61,1,2
59,4258.6,273.73,93.76,3,0
74,2029.87,68.41,92.36,4,0
65,3134.76,199.42,50.4,5,0
39,4.84,137.66,26.68,3,1
9,3803.82,195.59,81.68,3,2
32,99.01,358.79,10.96,4,1
64,2656.72,242.19,60.84,5,0
24,3464.1,184.23,10.87,2,1
9,570.93,358.28,10.9,3,1
19,3300.06,56.54,82.75,2,2
29,2117.29,241.88,33.48,4,1
33,391.62,36.72,41.52,3,1
16,946.88,320.99,99.22,5,0
51,1285.43,66.71,87.2,5,0
63,1332.96,276.96,11.46,2,1
65,3610.63,101.36,73.04,5,0
28,836.21,45.11,78.12,5,0
50,260.31,173.5,72.94,3,0
37,4702.68,187.4,7.35,5,1
41,501.37,365.22,44.65,3,1
32,2688.27,249.89,35.25,1,2
10,736.67,353.13,81.84,1,2
24,4410.27,151.01,27.49,1,2
37,586.77,294.51,66.33,3,0
5,3195.72,42.89,49.63,3,2
71,2942.96,28.24,60.94,1,2
33,4923.89,201.31,63.19,2,2
58,3359.75,324.09,7.33,4,1
9,3904.42,212.31,59.5,4,1
10,2792.78,40.17,92.35,3,0
46,4649.25,378.45,14.22,1,2
53,101.53,332.87,17.27,1,2
19,174.86,209.31,9.76,3,1
9,4596.41,204.34,98.7,1,2
76,2269.33,265.56,75.71,3,0
64,20.93,48.05,74.38,5,0
15,134.33,307.05,43.36,1,2
69,237.11,331.86,73.92,5,0
24,4773.39,389.56,7.14,3,1
41,2694.58,379.77,71.25,3,0
51,2563.55,281.31,89.63,2,2
34,2599.33,197.65,77.7,3,0
51,213.37,63.67,41.02,5,0
77,2940.23,105.57,83.76,1,2
37,778.89,84.32,96.74,3,0
56,1921.41,256.84,16.35,4,1
62,1404.4,341.16,48.38,5,0
68,1976.22,31.11,66.24,3,0
22,1932.12,303.4,82.2,4,0
62,4503.59,335.46,94.87,3,0
18,3774.42,79.51,78.25,1,2
49,1099.46,183.46,5.78,5,1
34,71.76,154.58,92.35,3,0
61,2797.29,129.6,7.32,4,1
71,1254.91,181.56,71.56,1,2
66,2028.67,323.4,46.85,5,0
64,2611.7,155.09,69.88,2,2
58,227.87,357.38,99.61,3,0
45,16.49,100.41,52.84,1,2
23,1242.67,373.21,12.76,3,1
8,326.8,243.22,81.2,5,0
47,2737.94,371.02,99.33,3,0
13,160.57,197.37,99.37,1,2
71,1983.54,295.77,87.23,4,0
24,3925.06,273.01,81.58,4,0
15,1208.46,326.1,36.47,4,1
48,4699.5,190.79,17.83,5,1
39,1633.2,238.56,30.59,4,1
37,1888.77,356.44,14.05,4,1
74,1589.91,27.47,14.04,3,1
74,4618.62,398.39,36.39,1,2
77,1798.2,87.59,73.07,4,0
54,399.2,248.41,11.71,1,2
67,4908.65,343.42,42.43,3,1
14,4081.2,352.81,85.63,5,0
72,2544.06,205.44,57.85,1,2
12,1555.4,238.04,6.13,5,1
69,3760.49,215.84,40.44,5,1
17,1387.84,194.71,49.39,5,1
29,3138.86,160.88,9.93,2,1
59,4389.65,129.1,62.79,3,2
73,3027.69,305.99,11.13,2,1
19,122.66,286.83,16.21,1,2
56,4234.68,383.36,58.69,4,0
23,662.08,60.55,65.88,4,0
48,859.13,194.48,6.62,3,1
15,1089.64,45.35,70.18,2,2
13,1552.47,354.18,57.55,2,2
12,1316.58,356.06,32.43,2,2
15,4433.95,30.08,48.47,3,2
22,3889.87,116.51,95.05,1,2
40,3051.59,109.4,51.93,3,2
9,220.38,61.27,12.96,2,1
7,3465.38,21.81,5.18,1,2
16,3066.44,66.49,15.96,1,2
40,3327.86,229.47,60.77,5,0
42,2386.81,201.78,49.17,5,0
42,2029.56,79.42,74.13,3,0
7,4598.56,163.08,87.15,1,2
70,611.69,189.21,42.4,2,2
63,870.43,82.02,81.97,5,0
71,793.38,398.76,44.66,5,0
9,455.23,239.75,63.67,1,2
72,4369.81,256.92,35.14,2,2
22,2656.11,36.04,49.43,2,2
37,3984.9,324.38,9.66,4,1
52,525.64,188.96,91.86,5,0
79,2347.5,311.85,35.78,2,2
74,3566.42,317.46,16.91,5,1
76,2680.44,28.46,67.64,5,0
66,3388.51,377.35,80.52,1,2
26,2874.27,40.18,65.47,3,2
46,3073.34,345.06,75.03,3,0
56,3452.49,81.31,96.48,4,0
7,1746.74,391.23,57.51,1,2
9,2928.16,220.65,25.01,2,2
12,2772.88,393.06,30.58,2,2
69,2353.28,290.58,38.67,3,1
5,2402.19,208.32,94.99,3,0
11,3965.53,150.45,92.49,1,2
75,3251.14,50.63,22.05,5,1
10,3678.13,317.37,31.97,4,1
24,4198.06,133.73,98.35,2,2
43,4497.59,284.61,60.06,2,2
10,1358.54,93.22,54.9,1,2
17,4448.78,196.64,18.27,4,1
24,3310.96,344.93,84.52,4,0
25,4716.0,388.9,38.61,5,1
79,2419.98,350.77,62.34,2,2
20,881.09,296.18,97.67,3,0
23,4183.13,219.22,76.35,3,2
57,3594.45,279.01,10.77,3,1
8,3356.2,83.27,97.29,1,2
58,716.69,343.57,66.43,5,0
64,3665.62,377.42,81.46,4,0
14,2887.77,206.37,16.64,4,1
74,454.79,165.79,56.92,1,2
75,3596.8,126.38,72.56,4,0
45,589.72,305.34,79.42,3,0
35,4036.14,136.78,40.37,2,2
69,2006.94,69.69,87.5,4,0
16,495.28,176.59,92.79,5,0
62,545.53,316.83,56.54,1,2
74,1111.5,38.18,93.77,1,2
58,4412.89,351.7,5.2,4,1
73,288.1,343.11,60.93,3,0
18,2544.7,69.36,12.99,2,1
42,2734.39,374.05,46.2,4,1
60,1180.65,211.72,75.18,1,2
37,3139.62,336.38,95.09,1,2
15,876.65,37.24,89.28,5,0
22,4242.36,341.25,98.64,2,2
63,973.03,91.2,34.29,1,2
41,50.66,101.07,84.14,5,0
50,757.02,28.4,67.46,2,2
54,3389.51,301.17,51.96,4,0
60,600.14,205.25,9.34,4,1
37,4554.68,138.22,94.47,4,0
76,4526.29,347.63,94.86,3,0
31,4596.82,208.29,95.6,2,2
76,649.88,306.49,62.89,3,0
28,2668.99,89.15,50.86,5,1
68,2557.77,185.65,84.99,3,0
30,4328.67,89.74,83.09,3,2
8,182.28,21.11,50.2,3,1
62,260.22,227.87,79.26,3,0
33,4520.16,184.33,56.41,2,2
79,1283.19,205.68,70.37,2,2
42,3543.55,137.36,85.61,3,0
79,2501.19,199.64,21.41,1,2
13,2189.66,150.37,63.83,1,2
53,4510.76,381.68,56.96,4,0
75,3246.25,178.37,73.35,1,2
28,4119.92,242.43,45.69,3,1
28,2639.82,82.12,21.76,5,1
22,3320.98,173.32,25.97,3,1
8,2740.44,55.2,24.16,3,1
78,2401.91,127.83,69.38,1,2
45,1533.59,113.89,52.5,4,0
58,4966.12,232.04,75.73,1,2
50,1239.28,366.95,98.84,4,0
41,1353.91,314.82,18.5,4,1
18,2430.9,356.06,14.8,2,1
78,2291.78,286.27,46.47,5,0
25,4169.47,34.89,51.7,5,1
69,1804.69,394.73,66.3,1,2
25,2194.48,182.97,53.89,2,2
6,1314.57,153.18,43.25,4,1
65,751.04,368.53,66.08,1,2
10,3919.15,92.94,58.11,3,2
64,4275.19,204.63,92.95,3,0
74,4438.32,281.83,73.49,4,0
68,365.99,72.62,88.93,4,0
9,1758.39,165.55,92.36,5,0
28,1906.74,261.04,45.06,5,1
21,1570.01,113.27,8.95,4,1
41,1836.43,339.98,20.18,4,1
29,2643.45,296.07,28.28,2,2
67,2337.99,307.19,77.28,2,2
79,4206.18,215.79,79.16,3,0
30,2705.48,140.71,51.57,2,2
52,3708.46,40.86,94.35,4,0
57,3989.88,246.13,86.28,2,2
8,1426.27,362.12,79.95,4,0
34,3322.51,399.57,69.54,2,2
76,3838.05,132.98,15.89,2,1
75,3627.78,217.58,69.4,4,0
64,1890.42,300.52,44.34,2,2
42,607.58,296.54,33.29,1,2
39,3606.45,260.94,71.56,2,2
37,1426.71,293.31,49.29,3,1
9,1127.0,394.07,45.07,2,2
60,4333.72,361.23,95.65,2,2
52,321.92,345.19,53.54,3,0
46,4486.17,168.61,36.12,3,1
64,1485.83,228.57,70.18,2,2
46,1107.85,345.23,31.0,2,2
8,2526.88,364.38,81.72,3,0
36,1048.24,221.17,94.71,3,0
23,1275.89,340.56,30.24,1,2
9,1836.75,147.28,81.56,2,2
69,3680.54,243.1,61.89,5,0
76,1037.84,71.46,13.72,1,2
73,4577.22,46.45,85.29,5,0
10,1311.08,24.99,85.22,5,0
51,2535.01,390.05,85.41,1,2
77,870.27,283.12,79.62,2,0
50,4930.49,192.65,74.7,2,2
61,2102.11,288.12,61.76,4,0
43,2070.91,184.85,67.07,1,2
31,780.59,302.54,19.71,5,1
12,626.52,147.41,59.92,5,0
14,4072.83,147.7,81.27,2,2
46,4478.57,390.71,84.07,2,2
37,3625.44,46.78,16.33,4,1
15,600.27,32.21,36.64,2,2
16,1288.36,96.07,44.6,2,2
70,2104.39,181.84,79.49,1,2
68,3930.23,22.62,33.73,5,1
59,3688.51,386.52,66.91,5,0
29,1370.9,203.13,46.59,2,2
79,2995.59,197.62,77.34,5,0
29,3151.28,36.38,69.51,2,2
72,2083.67,393.88,11.15,2,1
44,2397.02,145.21,87.54,4,0
68,4912.87,158.67,88.47,5,0
75,2858.56,339.85,95.48,4,0
36,2390.72,202.9,60.86,1,2
35,3824.39,64.68,78.44,4,0
51,1270.53,74.12,8.3,2,1
35,44.6,85.7,98.52,5,0
28,4577.01,324.07,7.64,4,1
69,4561.93,273.74,93.02,1,2
38,4026.54,115.12,13.15,1,2
46,748.76,373.88,60.08,5,0
5,3247.52,60.53,38.32,1,2
52,4911.22,270.18,43.17,1,2
23,4328.99,306.27,64.88,2,2
26,2862.31,73.98,88.13,2,2
73,363.05,250.69,38.15,2,2
13,3786.94,49.05,96.11,1,2
74,4888.21,165.03,85.58,2,2
24,3062.22,241.65,21.97,1,2
29,2934.61,30.43,9.06,2,1
76,1258.57,335.06,69.09,5,0
21,4856.85,27.61,51.17,3,2
20,2039.17,216.3,85.5,3,0
16,2015.94,145.51,23.36,4,1
46,2167.94,325.85,25.98,2,1
73,2218.03,229.09,90.95,1,2
8,3837.95,326.32,60.43,4,1
39,1942.4,321.31,52.04,2,2
27,4657.95,369.66,75.53,1,2
34,3498.04,85.05,73.63,1,2
77,2969.38,205.62,12.49,5,1
26,532.26,90.65,69.75,1,2
49,4414.14,305.63,85.85,3,0
12,4421.37,169.68,33.88,1,2
73,2075.93,84.22,47.18,2,2
26,2994.86,21.7,69.2,2,2
16,572.67,43.53,60.12,5,0
34,4526.82,244.97,82.32,3,2
7,4675.89,250.93,40.2,3,1
34,831.74,197.19,66.65,3,0
78,3208.28,151.02,44.46,2,2
59,651.65,319.52,65.32,5,0
65,257.83,300.17,7.15,1,2
57,4847.65,48.31,96.33,3,0
48,4332.41,381.38,7.63,5,1
37,4092.75,268.23,61.66,5,0
60,918.31,149.46,10.84,2,1
57,2110.94,362.18,95.46,5,0
76,2572.11,98.63,74.06,3,0
14,1951.28,330.85,28.96,3,1
55,4474.63,28.38,27.75,2,2
39,574.43,282.02,87.45,4,0
45,3642.57,185.18,26.88,2,2
69,924.6,304.51,72.31,4,0
68,177.15,380.07,36.66,3,1
30,3267.4,280.97,91.14,4,0
59,483.33,91.59,30.73,4,1
27,1537.7,129.27,83.29,1,2
10,2700.49,97.64,41.46,3,1
33,2059.32,91.56,56.75,5,0
12,349.26,221.18,8.95,4,1
6,1025.54,356.39,69.11,3,0
55,316.37,354.01,46.76,4,0
22,2376.0,249.5,91.16,4,0
66,1168.11,27.45,54.03,4,0
63,1814.37,224.6,96.38,4,0
79,1805.35,197.27,71.53,3,0
48,4136.1,42.45,33.86,1,2
69,1518.79,103.49,25.89,1,2
41,1640.1,345.67,46.04,1,2
13,1832.03,156.29,34.52,5,1
37,4694.81,45.11,80.99,3,2
48,1845.65,64.05,6.48,3,1
56,1294.52,181.91,77.14,1,2
52,1146.52,59.75,73.93,3,0
39,1591.13,69.7,67.27,3,0
44,1599.53,144.93,13.21,1,2
73,1812.67,198.75,98.1,3,0
27,4031.31,94.92,7.28,5,1
50,3313.52,102.76,56.64,5,0
20,1363.86,221.15,22.07,1,2
38,2235.84,113.92,68.1,4,0
56,442.52,314.99,69.06,4,0
22,2277.1,389.26,43.1,2,2
64,1760.97,322.35,19.34,2,1
70,2268.71,227.59,56.5,3,0
57,4147.05,284.76,60.72,5,0
46,3275.67,175.91,94.19,4,0
35,4299.64,32.95,75.69,5,0
75,1388.48,341.49,99.72,3,0
5,1997.13,89.61,9.11,1,2
59,988.17,134.55,10.2,5,1
34,3686.94,124.88,49.92,3,2
77,2019.19,31.16,90.69,5,0
54,3124.16,84.21,32.06,1,2
12,989.89,35.37,91.77,4,0
25,3110.68,183.68,64.61,1,2
63,2791.75,341.53,61.05,5,0
75,3030.83,318.21,87.41,4,0
69,826.45,395.18,9.1,1,2
40,996.23,203.64,74.13,5,0
5,495.8,89.92,64.94,2,2
53,673.44,351.38,40.02,5,1
15,3185.19,237.34,23.88,5,1
50,3369.36,73.56,75.55,1,2
42,3468.55,350.21,76.86,5,0
66,2164.75,392.32,17.84,5,1
5,4149.64,214.81,93.38,1,2
42,1546.68,381.28,54.14,1,2
21,3547.12,351.45,21.8,2,1
29,4913.71,372.02,91.63,5,0
56,1030.52,62.34,68.93,4,0
17,4548.96,339.35,45.54,5,1
6,1516.09,214.73,87.35,5,0
65,1949.95,175.93,77.42,2,2
41,4771.65,246.22,28.4,4,1
18,254.98,288.65,91.76,5,0
70,599.1,83.83,58.19,4,0
51,555.76,241.82,96.74,1,2
32,168.62,180.95,47.04,2,2
17,343.07,105.9,98.89,3,0
35,1823.2,238.88,50.62,4,1
24,2022.22,296.78,68.95,4,0
65,1774.95,43.72,84.95,2,2
21,1798.2,119.83,95.74,5,0
8,660.78,274.31,65.67,2,2
23,456.74,189.16,39.89,5,1
42,3099.62,101.81,5.39,5,1
10,3368.73,315.35,47.82,1,2
29,66.65,388.69,81.0,2,2
5,1189.78,207.9,81.33,4,0
11,1142.32,263.92,31.54,4,1
35,1392.3,373.07,8.46,1,2
40,3455.57,100.28,62.65,2,2
9,3953.7,83.89,76.87,3,2
18,4266.06,334.34,16.5,1,2
15,1537.99,135.56,60.74,2,2
7,4162.41,107.42,88.43,2,2
21,1744.9,49.1,72.32,3,0
30,2156.3,234.44,79.05,1,2
30,2793.44,138.3,88.48,1,2
45,1506.0,178.85,15.98,2,1
79,4166.62,262.48,9.91,4,1
31,4983.09,302.24,98.91,1,2
51,4554.28,395.39,51.65,2,2
49,4577.39,315.84,18.22,1,2
33,4127.93,177.2,35.62,1,2
51,794.69,33.05,43.73,2,2
62,4793.89,192.53,64.28,5,0
32,286.66,216.6,92.81,2,0
6,61.2,94.36,92.96,5,0
13,2345.41,321.77,72.9,1,2
67,934.21,92.68,23.58,1,2
72,4279.05,344.37,10.18,1,2
35,1363.17,83.96,67.15,4,0
18,4180.39,159.78,66.77,3,2
31,1409.91,263.47,38.25,5,1
50,2673.12,26.75,8.02,5,1
25,1211.24,369.3,95.39,5,0
13,3048.45,171.9,69.09,3,2
57,3932.16,120.2,25.6,4,1
27,577.68,256.38,6.37,4,1
49,1837.55,387.3,97.44,5,0
13,3002.47,204.25,72.79,3,2
52,3950.89,291.94,11.95,2,1
52,473.4,139.58,71.23,2,2
22,3004.99,46.98,26.5,1,2
77,1281.43,98.67,82.2,1,2
15,2915.76,53.49,73.62,3,2
31,1234.82,186.6,85.69,5,0
30,76.55,31.55,33.48,2,2
75,1697.21,148.46,15.56,1,2
8,1457.67,322.46,64.6,2,2
15,2394.77,289.51,35.77,4,1
42,3542.01,274.93,24.91,1,2
38,2263.71,261.59,43.47,4,1
12,275.94,384.16,97.79,3,0
67,758.61,131.31,12.03,4,1
6,4091.65,257.73,76.17,5,0
62,2023.9,194.0,61.48,4,0
57,2162.23,391.85,62.16,1,2
40,4200.32,49.66,97.19,4,0
26,4097.5,380.24,6.93,1,2
20,3561.69,206.45,43.96,1,2
29,2086.41,121.44,55.69,1,2
59,3727.54,345.63,54.05,3,2
22,1384.45,190.96,71.97,1,2
60,251.4,227.21,40.0,2,2
45,2697.02,189.58,54.1,5,0
28,3031.93,172.79,95.46,1,2
23,2370.52,142.29,61.46,5,0
30,3690.49,243.21,19.25,2,1
